name,email,age,role,city,department
Hugo Santos,hugo.santos@company.com,33,Developer,Oslo,HR
Rashid Traore,rashid.traore@acme.org,56,User,Dhaka,Engineering
Diana Novak,diana.novak@initech.com,63,Manager,Vancouver,Engineering
William Patel,william.patel@horizon.co,24,Analyst,Prague,Product
Bruno Nielsen,bruno.nielsen@company.com,65,Editor,Dhaka,Support
Jamal Wang,jamal.wang@initech.com,53,Designer,Moscow,Marketing
Xander Kowalski,xander.kowalski@nexus.io,45,Designer,Copenhagen,Engineering
Tariq Ortiz,tariq.ortiz@horizon.co,36,User,Tel Aviv,Marketing
Valentina Dubois,valentina.dubois@pinnacle.com,43,Designer,Miami,HR
Qiong Schmidt,qiong.schmidt@company.com,28,Manager,Athens,Marketing
Deepa Kowalski,deepa.kowalski@vertex.com,27,Developer,Manila,Support
Uma Rossi,uma.rossi@nexus.io,43,Manager,Dublin,Marketing
David Nair,david.nair@globex.com,45,Manager,Buenos Aires,Product
Xander Andersen,xander.andersen@horizon.co,62,Manager,Johannesburg,Engineering
Deepa Rodriguez,deepa.rodriguez@nexus.io,45,Analyst,Dublin,Marketing
Bianca Popov,bianca.popov@nexus.io,53,Manager,Auckland,Design
Ines Ortiz,ines.ortiz@globex.com,42,Developer,Dubai,HR
Vincenzo Ivanov,vincenzo.ivanov@horizon.co,33,Developer,Dhaka,Design
Vera Ali,vera.ali@globex.com,49,Support,Cairo,Engineering
Omar Wang,omar.wang@globex.com,33,Analyst,Shanghai,Design
Xander Takahashi,xander.takahashi@synapse.org,27,Developer,Austin,Engineering
Nils Mensah,nils.mensah@acme.org,31,Developer,Addis Ababa,Marketing
Leo Diaz,leo.diaz@globex.com,34,Support,New York,Finance
Olivia Abadi,olivia.abadi@globex.com,51,User,Budapest,HR
Tomasz Rossi,tomasz.rossi@globex.com,44,Admin,Johannesburg,Product
Carlos Santos,carlos.santos@nexus.io,51,Developer,Stockholm,Engineering
Erik Popov,erik.popov@acme.org,25,User,Melbourne,Marketing
Xiomara Bakker,xiomara.bakker@globex.com,57,Editor,Taipei,Sales
Hiro De Vries,hiro.devries@pinnacle.com,42,Analyst,Vienna,HR
Ravi Bernard,ravi.bernard@vertex.com,47,Designer,Hanoi,Product
Priya Berg,priya.berg@initech.com,36,User,Addis Ababa,Engineering
Bruno Smirnov,bruno.smirnov@initech.com,40,Manager,New York,Marketing
Qiong Sato,qiong.sato@company.com,53,Manager,Shanghai,Engineering
Rina Johansson,rina.johansson@horizon.co,41,Manager,Zurich,Product
Bianca Visser,bianca.visser@globex.com,27,Support,Oslo,Product
Camille Nakamura,camille.nakamura@acme.org,56,User,Colombo,Support
Eva Torres,eva.torres@synapse.org,54,Admin,Lagos,Engineering
Beatriz Diallo,beatriz.diallo@nexus.io,54,User,Oslo,HR
Yuki Bakker,yuki.bakker@synapse.org,31,Editor,Dhaka,Sales
Jamal Vargas,jamal.vargas@initech.com,36,User,Hanoi,Marketing
Gabriel Sharma,gabriel.sharma@horizon.co,59,Admin,Cairo,HR
Viktor Torres,viktor.torres@synapse.org,51,Support,Vienna,Design
Hana Zhang,hana.zhang@vertex.com,45,Admin,Riyadh,Finance
Isla Hansen,isla.hansen@vertex.com,33,Support,Nairobi,HR
Leo Kumar,leo.kumar@company.com,25,Admin,Cape Town,Engineering
Gabriel Volkov,gabriel.volkov@synapse.org,52,Editor,Mumbai,Marketing
Xena Schmidt,xena.schmidt@pinnacle.com,32,User,Stockholm,Design
Priya Popov,priya.popov@initech.com,62,Admin,Mexico City,Design
Karla Volkov,karla.volkov@pinnacle.com,52,Designer,Copenhagen,HR
Lars Okafor,lars.okafor@nexus.io,53,Manager,Copenhagen,Design
Quinn Joshi,quinn.joshi@umbrella.co,39,Support,Cape Town,Marketing
Bob Ortiz,bob.ortiz@pinnacle.com,53,User,Sao Paulo,HR
Olivia Eriksson,olivia.eriksson@globex.com,45,Designer,Shanghai,HR
Wojciech Hansen,wojciech.hansen@globex.com,61,Support,Seattle,Finance
Elisa Sharma,elisa.sharma@horizon.co,65,Admin,Austin,Finance
Karla Silva,karla.silva@globex.com,47,Developer,Seoul,Marketing
Vincenzo Smirnov,vincenzo.smirnov@globex.com,42,Developer,Lisbon,HR
Ravi Weber,ravi.weber@initech.com,40,Developer,Vancouver,Product
Gustav Tanaka,gustav.tanaka@acme.org,57,Analyst,Zurich,Engineering
Alice Fischer,alice.fischer@globex.com,49,Developer,Buenos Aires,Product
Valentina Nilsson,valentina.nilsson@vertex.com,32,Admin,Seoul,Marketing
Oana Wang,oana.wang@horizon.co,53,Admin,Beirut,Sales
Felix Lopez,felix.lopez@company.com,56,Developer,Algiers,Engineering
Umar Singh,umar.singh@initech.com,27,User,Tunis,Design
Farid Kone,farid.kone@globex.com,28,Manager,Buenos Aires,Sales
Camille Martinez,camille.martinez@globex.com,33,Designer,Karachi,HR
Ingrid Li,ingrid.li@acme.org,46,Analyst,Berlin,Product
Chen Patel,chen.patel@synapse.org,33,Designer,Bucharest,HR
Chen Martinez,chen.martinez@initech.com,27,Analyst,Accra,Finance
Igor Farah,igor.farah@umbrella.co,30,Designer,Montreal,Design
Marta Bakker,marta.bakker@nexus.io,58,Admin,Seoul,Finance
Wei Volkov,wei.volkov@umbrella.co,32,Admin,Moscow,Design
Tanya Diallo,tanya.diallo@nexus.io,55,Analyst,Montreal,Marketing
Yasmin Kuznetsov,yasmin.kuznetsov@initech.com,63,Developer,Sydney,Design
Alice Jansen,alice.jansen@horizon.co,38,Manager,Algiers,Design
Igor Joshi,igor.joshi@nexus.io,50,Designer,Bangkok,Finance
Olivia Bernard,olivia.bernard@vertex.com,42,Designer,Muscat,Finance
Valentina Lopez,valentina.lopez@initech.com,49,Analyst,Tel Aviv,Sales
Elisa Popov,elisa.popov@umbrella.co,24,Analyst,Austin,Engineering
Maya Hansen,maya.hansen@initech.com,56,Analyst,Johannesburg,Product
Grace Cruz,grace.cruz@initech.com,61,Support,Lima,Marketing
Katya Yoon,katya.yoon@pinnacle.com,26,Designer,Cairo,HR
Marta Bernard,marta.bernard@initech.com,39,Manager,Singapore,Engineering
Fatima Berg,fatima.berg@synapse.org,64,User,Manila,Design
Greta Kuznetsov,greta.kuznetsov@initech.com,45,Analyst,Auckland,Design
Fiona Chen,fiona.chen@company.com,60,User,Dhaka,HR
Wei Persson,wei.persson@horizon.co,29,Support,Toronto,HR
Priya Ortiz,priya.ortiz@globex.com,47,Support,San Francisco,Support
Wanda Cruz,wanda.cruz@pinnacle.com,29,Analyst,Austin,Product
Uma Kone,uma.kone@synapse.org,41,Support,Copenhagen,HR
Hugo Nielsen,hugo.nielsen@horizon.co,65,Support,Stockholm,Finance
Grace Johansson,grace.johansson@umbrella.co,24,Manager,Dublin,Support
Olga Visser,olga.visser@acme.org,44,Editor,Nairobi,HR
Yasmin Olsson,yasmin.olsson@globex.com,32,Manager,Shanghai,Design
Camille Fischer,camille.fischer@horizon.co,39,Support,Lahore,Engineering
Aiden Ramirez,aiden.ramirez@vertex.com,32,Admin,Miami,Design
Liam Johnson,liam.johnson@nexus.io,57,Developer,Riyadh,Design
Thiago Kone,thiago.kone@horizon.co,37,Manager,Melbourne,HR
Ingrid Diaz,ingrid.diaz@synapse.org,49,Admin,Riyadh,Support
Lars Muller,lars.muller@vertex.com,31,Editor,Kuala Lumpur,Sales
Farid Bakker,farid.bakker@company.com,28,Analyst,Boston,Engineering
Kenji Gupta,kenji.gupta@vertex.com,44,Editor,Kuala Lumpur,Sales
Gabriel Eriksson,gabriel.eriksson@vertex.com,51,Designer,Vienna,Product
Paulo Weber,paulo.weber@vertex.com,35,Developer,Lahore,Finance
Kenji Mendoza,kenji.mendoza@company.com,48,Admin,Casablanca,HR
Jin Schmidt,jin.schmidt@company.com,35,Admin,Oslo,HR
Carlos Ito,carlos.ito@globex.com,39,Manager,Istanbul,Product
Lars Santos,lars.santos@pinnacle.com,32,Manager,Kuala Lumpur,Finance
Youssef Rossi,youssef.rossi@globex.com,58,User,Buenos Aires,Finance
Nadia Volkov,nadia.volkov@company.com,49,Developer,Miami,Design
Ahmed Okafor,ahmed.okafor@initech.com,42,User,Oslo,Marketing
Patrick Farah,patrick.farah@umbrella.co,65,User,Boston,Engineering
Tanya Bakker,tanya.bakker@vertex.com,52,Designer,Shanghai,Support
Bob Ramirez,bob.ramirez@synapse.org,36,User,Colombo,Support
Hugo Ortiz,hugo.ortiz@globex.com,54,Analyst,Bogota,Finance
Elisa Bakker,elisa.bakker@synapse.org,45,Support,Colombo,Finance
Paulo Berg,paulo.berg@acme.org,32,Developer,Jakarta,HR
Wanda Vargas,wanda.vargas@pinnacle.com,35,Analyst,Addis Ababa,Engineering
Noah Laurent,noah.laurent@globex.com,27,Support,Vienna,Support
Hiro Weber,hiro.weber@umbrella.co,47,Developer,Denver,Engineering
Rosa Nakamura,rosa.nakamura@acme.org,28,Manager,Karachi,Product
William Abadi,william.abadi@initech.com,44,Support,Melbourne,Product
Carlos Novak,carlos.novak@umbrella.co,27,Manager,Muscat,HR
Nikolai Verma,nikolai.verma@pinnacle.com,39,Designer,Taipei,Support
Eva Kone,eva.kone@horizon.co,59,Designer,Tunis,Product
Ingrid Bernard,ingrid.bernard@umbrella.co,41,Manager,Bangkok,HR
Olga Hernandez,olga.hernandez@horizon.co,62,Editor,Amsterdam,HR
Ulrike Castillo,ulrike.castillo@umbrella.co,58,Developer,Lagos,HR
Leo Ahmed,leo.ahmed@nexus.io,37,Editor,Budapest,Engineering
Qiong Bakker,qiong.bakker@globex.com,62,Developer,Sydney,Engineering
Valentina Dubois,valentina.dubois@globex.com,43,Support,Moscow,Engineering
Zoe Hansen,zoe.hansen@synapse.org,47,Support,Hanoi,Support
Xena Tanaka,xena.tanaka@umbrella.co,26,Support,Seoul,Marketing
Beatriz Park,beatriz.park@acme.org,55,Admin,Nairobi,Sales
Yara Martin,yara.martin@acme.org,26,Manager,Bangkok,Design
David Takahashi,david.takahashi@pinnacle.com,55,Manager,Chicago,Design
Hassan Cruz,hassan.cruz@umbrella.co,24,Analyst,Bucharest,Engineering
Elisa Traore,elisa.traore@acme.org,40,Manager,Vienna,Finance
Karla Petrov,karla.petrov@globex.com,34,Manager,Bogota,Marketing
Uma Johnson,uma.johnson@vertex.com,65,Support,Taipei,Finance
Elena Ahmed,elena.ahmed@umbrella.co,25,Developer,Manila,Marketing
Nils Ahmed,nils.ahmed@umbrella.co,45,Manager,Dhaka,Marketing
Ursula Ali,ursula.ali@globex.com,28,Developer,Singapore,Marketing
Hana Zhang,hana.zhang@umbrella.co,45,Developer,Hanoi,Marketing
Jorge Olsson,jorge.olsson@umbrella.co,22,Analyst,Dublin,Product
Grace Petrov,grace.petrov@pinnacle.com,31,Admin,Colombo,Support
David Lund,david.lund@company.com,47,User,Warsaw,Engineering
Xiomara Muller,xiomara.muller@umbrella.co,34,Admin,Bogota,Product
Rosa Sharma,rosa.sharma@synapse.org,50,Developer,Santiago,Design
Hugo Park,hugo.park@acme.org,23,Support,Casablanca,Design
Rina Laurent,rina.laurent@acme.org,33,Editor,Accra,Design
Oana Choi,oana.choi@umbrella.co,42,Analyst,Austin,Engineering
Isla Novak,isla.novak@nexus.io,58,Developer,Johannesburg,Marketing
Youssef Fernandez,youssef.fernandez@horizon.co,50,Admin,Seattle,Product
Camille Tanaka,camille.tanaka@initech.com,42,Designer,Auckland,Product
Xiomara Tanaka,xiomara.tanaka@initech.com,52,Developer,Austin,Sales
Katya Cruz,katya.cruz@synapse.org,48,User,Paris,HR
Qiong Li,qiong.li@umbrella.co,61,Admin,Austin,Design
Lina Ali,lina.ali@acme.org,22,Support,Bangkok,Sales
Noah Okafor,noah.okafor@umbrella.co,49,Developer,Lahore,Product
Kira Berg,kira.berg@synapse.org,38,Editor,Riyadh,HR
Celine Yoon,celine.yoon@globex.com,22,User,Zurich,Design
Sven Ibrahim,sven.ibrahim@horizon.co,39,Developer,New York,Finance
Sakura Martin,sakura.martin@pinnacle.com,34,Support,Nairobi,Product
Thiago Castillo,thiago.castillo@nexus.io,40,Designer,Austin,Design
Isla Laurent,isla.laurent@initech.com,35,Manager,Miami,Design
Deepa Osman,deepa.osman@vertex.com,61,Admin,Cape Town,Product
Qiong Colombo,qiong.colombo@vertex.com,26,Editor,Auckland,Engineering
Quinn Kang,quinn.kang@pinnacle.com,50,Designer,Lagos,Product
Marco De Vries,marco.devries@synapse.org,48,Admin,Singapore,Design
Jin Wang,jin.wang@acme.org,46,Support,Copenhagen,Support
Farid Olsson,farid.olsson@vertex.com,27,User,Accra,Design
Olga Sato,olga.sato@synapse.org,56,Admin,Shanghai,HR
Greta Larsson,greta.larsson@umbrella.co,36,Manager,Cairo,Design
Marco Abadi,marco.abadi@acme.org,36,Support,Lima,Finance
Diana Kim,diana.kim@nexus.io,49,Admin,Athens,Support
Wojciech Diaz,wojciech.diaz@globex.com,27,Manager,San Francisco,Design
Yara Larsson,yara.larsson@globex.com,50,Editor,Bogota,Marketing
Elisa Colombo,elisa.colombo@pinnacle.com,62,Manager,Auckland,Sales
Deepa Vargas,deepa.vargas@umbrella.co,61,Support,Helsinki,Engineering
Jorge Hansen,jorge.hansen@horizon.co,32,Editor,Sao Paulo,Product
Tanya Morozov,tanya.morozov@umbrella.co,25,Analyst,Helsinki,Product
Maya Patel,maya.patel@vertex.com,35,Support,Moscow,HR
Xander Kuznetsov,xander.kuznetsov@nexus.io,55,Developer,Athens,Engineering
Karla Romano,karla.romano@umbrella.co,55,Admin,Boston,Engineering
David Kone,david.kone@synapse.org,23,Developer,Warsaw,Support
Chen Nair,chen.nair@initech.com,47,Developer,Dubai,Marketing
Greta Gupta,greta.gupta@company.com,30,Developer,Hanoi,Engineering
Amara Hoffmann,amara.hoffmann@globex.com,29,User,Athens,Support
Vincenzo Ramirez,vincenzo.ramirez@globex.com,54,Manager,Istanbul,Support
Samuel Kang,samuel.kang@umbrella.co,33,Editor,Helsinki,Product
Leo Kone,leo.kone@nexus.io,45,User,Kuala Lumpur,Marketing
Sofia Nkomo,sofia.nkomo@initech.com,39,Analyst,Denver,Support
Lina Romano,lina.romano@company.com,41,Developer,Los Angeles,Marketing
Isla Rossi,isla.rossi@umbrella.co,46,Analyst,Beirut,Marketing
Marta Ahmed,marta.ahmed@synapse.org,25,Admin,Denver,Support
Elisa Ali,elisa.ali@acme.org,22,Support,Budapest,Design
Omar Gonzalez,omar.gonzalez@company.com,36,Admin,Budapest,Product
Omar Kowalski,omar.kowalski@initech.com,50,Editor,Riyadh,Product
Wojciech Joshi,wojciech.joshi@horizon.co,28,Analyst,Nairobi,Design
