id,first_name,last_name,email,phone,date_of_birth,occupation,role,important
1,Eula,Lane,eula.lane@jigrormo.ye,(762) 526-5961,1956-06-29,Insurance Clerk,Worker,false
2,Barry,Rodriquez,barry.rodriquez@zun.mm,(267) 955-5124,2015-06-30,Mortarman,Manager,false
3,Eugenia,Selvi,eugenia.selvi@capfad.vn,(680) 368-2192,1975-06-15,Beer Coil Cleaner,External,false
4,Alejandro,Miles,alejandro.miles@dec.bn,(281) 301-2039,2015-08-02,Scale Attendant,Worker,false
5,Cora,Tesi,cora.tesi@bivo.yt,(600) 616-7955,1973-09-29,Clinical Audiologist,Supervisor,false
6,Marguerite,Ishii,marguerite.ishii@judbilo.gn,(882) 813-1374,1939-06-27,Parking Meter Collector,Supervisor,false
7,Mildred,Jacobs,mildred.jacobs@joraf.wf,(642) 665-1763,1969-01-29,Business Unit Manager,Manager,false
8,Gene,Goodman,gene.goodman@kem.tl,(383) 458-2132,2011-12-10,Technical Communicator,External,false
9,Lettie,Bennett,lettie.bennett@odeter.bb,(769) 335-6771,1961-02-13,Correctional Officer Sergeant,Worker,false
10,Mabel,Leach,mabel.leach@lisohuje.vi,(803) 586-8035,1948-01-21,Food Chemist,Supervisor,false
11,Jordan,Miccinesi,jordan.miccinesi@duod.gy,(531) 919-2280,1984-03-03,Signals Intelligence Chief,Manager,false
12,Marie,Parkes,marie.parkes@nowufpus.ph,(814) 667-8937,1945-01-02,Language Pathologist,External,false
13,Rose,Gray,rose.gray@kagu.hr,(713) 311-8766,1960-01-02,Wildlife Officer,Worker,false
14,Garrett,Stokes,garrett.stokes@fef.bg,(381) 421-2371,2010-10-13,Bindery Machine Operator,Manager,false
15,Barbara,Matthieu,barbara.matthieu@derwogi.jm,(940) 463-7299,1931-10-09,Instructional Aide,External,false
16,Jean,Rhodes,jean.rhodes@wehovuce.gu,(777) 435-9570,1951-03-18,Clinical Psychiatrist,Worker,false
17,Jack,Romoli,jack.romoli@zamum.bw,(517) 393-9630,1977-01-11,Mortician Investigator,Supervisor,false
18,Pearl,Holden,pearl.holden@dunebuh.cr,(711) 904-3669,1951-05-09,Rod Buster Helper,Manager,false
19,Belle,Montero,belle.montero@repiwid.si,(935) 404-4792,1934-06-01,Classroom Aide,External,false
20,Olive,Molina,olive.molina@razuppa.ga,(935) 267-8492,1935-12-12,Traditional Chinese Herbalist,Worker,false
21,Minerva,Todd,minerva.todd@kulmenim.ad,(763) 948-4815,1952-05-14,Electronic Drafter,Supervisor,false
22,Bobby,Pearson,bobby.pearson@ib.kg,(238) 240-2561,2016-10-06,Vault Teller,Worker,true
23,Larry,Ciappi,larry.ciappi@ba.lk,(410) 257-1723,1997-10-22,Fire Sprinkler Installer,Supervisor,false
24,Ronnie,Salucci,ronnie.salucci@tohhij.lv,(566) 726-3346,1976-04-25,Brewery Pumper,Manager,false
25,Walter,Grossi,walter.grossi@tuvo.sa,(416) 906-7221,1989-06-13,Kitchen Chef,External,false
26,Frances,Koopmans,frances.koopmans@foga.tw,(611) 712-1562,1968-08-04,Medical Esthetician,Worker,false
27,Frances,Fujimoto,frances.fujimoto@uswuzzub.jp,(919) 887-8542,1938-01-08,Auto Tire Worker,Supervisor,false
28,Olivia,Vidal,olivia.vidal@hivwerip.vc,(982) 684-7650,1935-04-18,Semi-Truck Driver,Manager,false
29,Edna,Henry,edna.henry@gugusu.rw,(811) 931-8202,1949-03-01,Command And Control,External,false
30,Lydia,Brun,lydia.brun@zedekak.md,(927) 400-3928,1931-04-14,Drywall Hanger,Worker,false
31,Jay,Blake,jay.blake@ral.mk,(365) 345-1498,2011-05-02,Real Property Evaluator,Manager,false
32,Isabel,Serafini,isabel.serafini@turuhu.bh,(656) 968-9869,1975-05-10,Human Performance Professor,Manager,false
33,Rebecca,Carter,rebecca.carter@omjo.et,(739) 612-6585,1960-11-26,V/Stol Landing Signal Officer,External,false
34,Maurice,Fabbrini,maurice.fabbrini@rig.bh,(485) 521-2687,1994-10-02,Air Control Officer,Supervisor,false
35,Ollie,Turnbull,ollie.turnbull@sicewap.org,(835) 620-3330,1946-05-29,General Superintendent,Manager,false
36,Jerry,Hopkins,jerry.hopkins@fo.mh,(211) 851-5960,2016-06-22,Child Protective Services Worker,External,true
37,Nora,Lyons,nora.lyons@gegijap.na,(811) 311-5257,1947-04-06,Lens Grinder and Polisher,Worker,false
38,Anne,Weiss,anne.weiss@kuvesa.pe,(843) 836-3759,1942-10-23,Civil Engineering Professor,Worker,false
39,Louise,Gauthier,louise.gauthier@lapahu.mt,(913) 235-1856,1932-02-02,Mobile Home Servicer,Supervisor,false
40,Lloyd,Fani,lloyd.fani@zev.ru,(467) 487-7239,1994-01-06,Floor Refinisher,Supervisor,false
41,Maud,Dunn,maud.dunn@nabeaga.ni,(724) 340-3634,1957-03-30,Senior Sales Associate,Manager,false
42,Henry,Gigli,henry.gigli@kaot.ps,(413) 229-8428,1990-06-02,Tile Designer,Worker,false
43,Virgie,Werner,virgie.werner@tawuctuj.cf,(886) 292-9749,1943-07-12,Econometrics Professor,Supervisor,false
44,Gregory,Cozzi,gregory.cozzi@eh.ru,(418) 472-1239,1996-05-04,Basketball Player,Manager,false
45,Lucinda,Gil,lucinda.gil@fajjusuz.kr,(961) 233-3461,1936-04-25,Indirect Fire Infantryman,External,false
46,Gertrude,Verbeek,gertrude.verbeek@pave.cc,(605) 226-4037,1966-05-09,Licensed Esthetician,Worker,false
47,Mattie,Graham,mattie.graham@ispaviw.gt,(719) 765-1705,1959-03-07,Intelligence Officer,Supervisor,false
48,Bryan,Shaw,bryan.shaw@ha.ee,(232) 228-5539,2020-10-31,Research Assistant,Manager,true
49,Essie,Adams,essie.adams@iliat.cw,(768) 554-8377,1960-05-12,Cigar Roller,External,false
50,Gary,Osborne,gary.osborne@do.ga,(311) 731-7079,2011-03-01,Customer Support Representative,Worker,false
51,Richard,Silva,richard.silva@wi.lc,(207) 554-6244,2016-10-10,Programmer,Manager,true
52,Dustin,Pestelli,dustin.pestelli@iwage.la,(558) 913-2855,1980-02-14,Global Engineering Manager,Manager,false
53,Henrietta,Hilton,henrietta.hilton@joopoju.pn,(832) 759-6654,1945-12-08,Telegraph Operator,External,false
54,Francisco,Giordano,francisco.giordano@gojawu.tn,(482) 736-8079,1990-05-17,Hairpiece Stylist,Manager,false
55,Cynthia,Sardi,cynthia.sardi@afigoh.mm,(677) 345-2680,1975-11-05,Tobacco Buyer,External,false
56,Lula,Testi,lula.testi@benom.tj,(610) 374-7581,1973-09-01,Marine Steamfitter,Worker,false
57,Bess,Lucas,bess.lucas@jevakbe.cd,(982) 583-8067,1931-02-10,Attending Anesthesiologist,Supervisor,false
58,Linnie,Driessen,linnie.driessen@darhow.tr,(680) 266-3167,1969-11-10,Certified Indoor Environmentalist,External,false
59,Eva,Tesi,eva.tesi@dupid.cf,(611) 955-4652,1973-09-22,Land Management Forester,Worker,false
60,Augusta,Sakai,augusta.sakai@comouc.ee,(940) 714-8088,1938-06-30,Digital Proofing Platemaker,Worker,false
61,Mathilda,Schwarz,mathilda.schwarz@igunisi.ao,(868) 481-5125,1943-10-24,Public Health Veterinarian,Manager,false
62,Joe,Riley,joe.riley@pe.vu,(225) 395-2772,2019-04-03,Statement Processor,External,true
63,Leon,McGee,leon.mcgee@puk.se,(365) 837-6888,2013-01-17,Computer Applications Developer,Worker,false
64,Florence,Viviani,florence.viviani@vegub.no,(606) 352-8734,1971-11-10,African History Professor,Supervisor,false
65,Lee,Miceli,lee.miceli@rucwi.pf,(555) 800-7339,1984-02-13,Gastroenterology Professor,Manager,false
66,Celia,Sodi,celia.sodi@agijit.iq,(657) 357-3671,1974-12-06,Laboratory Animal Caretaker,External,false
67,Aaron,Misuri,aaron.misuri@loolu.lu,(523) 789-5485,1983-11-07,Water Pump Installer,Worker,false
68,Fanny,Parkinson,fanny.parkinson@tupwovali.cw,(766) 966-7387,1951-08-19,Orthopedic Cast Specialist,Supervisor,false
69,Phoebe,Vitale,phoebe.vitale@hidge.fo,(672) 613-2954,1971-12-20,Budget Coordinator,Manager,false
70,Edith,Brennan,edith.brennan@liowci.ir,(803) 549-9387,1950-05-31,Railroad Engineer,Manager,false
71,Jeremy,Marilli,jeremy.marilli@vesa.pf,(526) 435-1819,1985-12-03,Chief Projectionist,External,false
72,Kathryn,Huet,kathryn.huet@wupikdoh.by,(937) 855-5936,1929-05-22,Telecasting Engineer,Worker,false
73,Lelia,Matsuo,lelia.matsuo@dajsiphaj.az,(960) 335-6192,1937-06-02,Drama Therapist,Supervisor,false
74,Virginia,Woods,virginia.woods@soofpe.ht,(735) 809-2611,1957-03-10,General Superintendent,Manager,false
75,Sally,Aoki,sally.aoki@aruzusjas.tc,(857) 797-7918,1939-05-12,Technical Communicator,External,false
76,Isabelle,de Ridder,isabelle.deridder@ufeco.in,(659) 331-1543,1965-02-25,Leisure Studies Professor,Worker,false
77,Rosie,Murphy,rosie.murphy@uneehi.id,(759) 639-8597,1960-08-28,Air Conditioning Technician,Supervisor,false
78,Lou,Meyer,lou.meyer@hahinaba.gm,(942) 352-4854,1931-05-24,Business Unit Manager,External,false
79,Rodney,Love,rodney.love@zun.ph,(247) 867-8287,2014-09-17,Job Estimator,Worker,false
80,Kenneth,Bianchini,kenneth.bianchini@jo.ws,(302) 793-9936,2003-09-09,Correctional Officer Sergeant,Worker,false
81,Essie,Dietrich,essie.dietrich@goltuefo.mn,(861) 740-6628,1941-05-11,Parking Meter Collector,Supervisor,false
82,Leila,Simon,leila.simon@lupuwuzo.gw,(953) 866-9992,1933-02-05,Signals Intelligence Chief,External,false
83,Eva,Pierre,eva.pierre@reduzris.ee,(915) 491-8384,1930-02-17,Clinical Psychiatrist,Worker,false
84,Landon,Moretti,landon.moretti@pubsav.sk,(584) 909-6235,1983-05-23,Wildlife Officer,Supervisor,false
85,Mittie,Sardi,mittie.sardi@lullip.nf,(673) 849-4256,1975-10-31,Food Chemist,Manager,false
86,Corey,McDaniel,corey.mcdaniel@aba.tc,(268) 208-9643,2015-01-04,Counterintelligence Specialist,Supervisor,false
87,Hester,Stein,hester.stein@kettujwo.eu,(873) 489-6641,1941-10-27,Forest Fire Officer,Manager,false
88,Danny,Lowe,danny.lowe@ju.sd,(243) 974-5539,2016-02-09,Catalogue Illustrator,External,true
89,Lillie,Winter,lillie.winter@vioburez.vi,(816) 699-1291,1948-01-04,Knife Grinder,Worker,false
90,Brandon,Borchi,brandon.borchi@ig.al,(319) 401-1090,2002-10-26,Neuropsychiatrist,Supervisor,false
91,Isaac,Bernardi,isaac.bernardi@omu.bj,(359) 691-6408,2004-04-07,Bottle Packer,Manager,false
92,Clyde,Crawford,clyde.crawford@luw.dz,(273) 892-4646,2021-04-10,Special Education Teacher,External,true
93,Paul,Sherman,paul.sherman@pi.cf,(304) 610-2881,2010-09-17,Commercial Art Instructor,Worker,false
94,Craig,Russell,craig.russell@zu.nz,(237) 969-2900,2022-07-15,Ferryboat Captain,Supervisor,true
95,John,Sutton,john.sutton@ag.ee,(207) 424-6468,2015-09-26,School Social Worker,Manager,false
96,Francisco,Formigli,francisco.formigli@fopav.tn,(481) 661-8179,1992-09-09,Joint Terminal Attack Controller,External,false
97,Gary,Baker,gary.baker@ji.cf,(212) 510-3444,2024-09-29,VP Sales,Worker,true
98,Earl,Giovannoni,earl.giovannoni@lojet.ge,(433) 862-3076,1990-02-07,Auto Service Station Attendant,Manager,false
99,Helen,Zanieri,helen.zanieri@ukve.tn,(619) 506-4452,1971-06-22,Healthcare Social Worker,External,false
100,Agnes,Toccafondi,agnes.toccafondi@viipo.ae,(616) 688-6883,1973-07-11,Comedian,External,false
